CHR	POS	REF	ALT	TYPE	N_TOTAL	N_MISSING	FRAC_MISSING	PR_TOTAL	PR_MISSING	PO_TOTAL	PO_MISSING	EXCLUDED
contig_1	9748	C	T	snp	4	0	0.0000	2	0	2	0	0
contig_1	13783	TG	T	del	4	1	0.2500	2	0	2	1	0
contig_1	14330	GCC	G	del	4	0	0.0000	2	0	2	0	0
contig_1	15784	C	T	snp	4	0	0.0000	2	0	2	0	0
contig_1	16008	C	T	snp	4	0	0.0000	2	0	2	0	0
contig_1	26980	C	T	snp	4	0	0.0000	2	0	2	0	0
contig_1	28382	C	T	snp	4	0	0.0000	2	0	2	0	0
contig_1	51475	CG	C	del	4	0	0.0000	2	0	2	0	0
contig_1	55401	AG	A	del	4	0	0.0000	2	0	2	0	0
contig_1	70639	A	G	snp	4	1	0.2500	2	0	2	1	0
contig_1	71345	C	T	snp	4	0	0.0000	2	0	2	0	0
contig_1	73283	C	T	snp	4	1	0.2500	2	0	2	1	0
contig_1	78779	CG	C	del	4	0	0.0000	2	0	2	0	0
contig_1	80874	T	C	snp	4	0	0.0000	2	0	2	0	0
contig_1	101321	A	G	snp	4	0	0.0000	2	0	2	0	0
contig_1	101736	AG	A	del	4	1	0.2500	2	0	2	1	0
contig_1	113316	C	T	snp	4	0	0.0000	2	0	2	0	0
contig_1	124860	GAT	G	del	4	0	0.0000	2	0	2	0	0
contig_1	138236	C	T	snp	4	0	0.0000	2	0	2	0	0
contig_1	166501	C	T	snp	4	0	0.0000	2	0	2	0	0
contig_1	176094	G	A	snp	4	0	0.0000	2	0	2	0	0
contig_1	178022	G	A	snp	4	0	0.0000	2	0	2	0	0
contig_1	189736	C	CG	ins	4	0	0.0000	2	0	2	0	0
contig_1	193060	T	C	snp	4	0	0.0000	2	0	2	0	0
contig_1	197208	A	G	snp	4	0	0.0000	2	0	2	0	0
contig_1	203299	A	G	snp	4	0	0.0000	2	0	2	0	0
contig_1	215744	C	T	snp	4	0	0.0000	2	0	2	0	0
contig_1	222424	A	G	snp	4	0	0.0000	2	0	2	0	0
contig_1	231236	G	A	snp	4	0	0.0000	2	0	2	0	0
contig_1	237707	C	CG	ins	4	0	0.0000	2	0	2	0	0
contig_1	245993	A	G	snp	4	0	0.0000	2	0	2	0	0
contig_1	250617	C	T	snp	4	0	0.0000	2	0	2	0	0
contig_1	263315	T	C	snp	4	0	0.0000	2	0	2	0	0
contig_1	265050	GGC	G	del	4	0	0.0000	2	0	2	0	0
contig_1	286592	C	T	snp	4	1	0.2500	2	0	2	1	0
contig_1	286703	G	GGGC	ins	4	0	0.0000	2	0	2	0	0
contig_1	303304	C	T	snp	4	0	0.0000	2	0	2	0	0
contig_1	315354	A	G	snp	4	0	0.0000	2	0	2	0	0
contig_1	316948	A	G	snp	4	0	0.0000	2	0	2	0	0
contig_1	318684	GA	G	del	4	0	0.0000	2	0	2	0	0
contig_1	319645	A	G	snp	4	0	0.0000	2	0	2	0	0
contig_1	321258	C	T	snp	4	0	0.0000	2	0	2	0	0
contig_1	329616	C	T	snp	4	0	0.0000	2	0	2	0	0
contig_1	333654	CG	C	del	4	0	0.0000	2	0	2	0	0
contig_1	335025	T	C	snp	4	0	0.0000	2	0	2	0	0
contig_1	335140	C	T	snp	4	0	0.0000	2	0	2	0	0
contig_1	340666	CG	C	del	4	0	0.0000	2	0	2	0	0
contig_1	343296	A	G	snp	4	0	0.0000	2	0	2	0	0
contig_1	345312	C	T	snp	4	0	0.0000	2	0	2	0	0
contig_1	349790	A	G	snp	4	0	0.0000	2	0	2	0	0
contig_1	360145	C	T	snp	4	0	0.0000	2	0	2	0	0
contig_1	362484	A	G	snp	4	0	0.0000	2	0	2	0	0
contig_1	376889	C	T	snp	4	0	0.0000	2	0	2	0	0
contig_1	376973	G	A	snp	4	0	0.0000	2	0	2	0	0
contig_1	380087	C	T	snp	4	0	0.0000	2	0	2	0	0
contig_1	393613	G	A	snp	4	0	0.0000	2	0	2	0	0
